{"2f36d648-7e2f-4314-9a80-bf729b5a4071": {"bboxes": [[0.6685185185185185, 0.39479166666666665, 0.23796296296296296, 0.17447916666666666]], "labels": ["dislike"]}, "e68444ab-c798-41f9-a722-a96d9e62dba2": {"bboxes": [[0.30277777777777776, 0.38333333333333336, 0.08333333333333333, 0.0703125]], "labels": ["peace"]}, "3991193e-e501-44ff-9668-d06975a836b9": {"bboxes": [[0.36944444444444446, 0.16458333333333333, 0.1925925925925926, 0.13072916666666667]], "labels": ["dislike"]}, "de400214-e5bd-4f0c-a3ff-89936aa187e6": {"bboxes": [[0.5018518518518519, 0.2942708333333333, 0.11018518518518519, 0.08854166666666667]], "labels": ["rock"]}, "1b5b3c4c-42b1-4767-b148-f10ee15fe727": {"bboxes": [[0.55, 0.46822916666666664, 0.21481481481481482, 0.13645833333333332]], "labels": ["like"]}, "30258c67-c124-47e0-b88f-fcdc20c7e248": {"bboxes": [[0.3592592592592593, 0.23072916666666668, 0.10648148148148148, 0.07552083333333333]], "labels": ["like"]}, "8aa99ce0-5153-45c4-a407-c9af0e34f92c": {"bboxes": [[0.14351851851851852, 0.28072916666666664, 0.2722222222222222, 0.1859375]], "labels": ["stop"]}, "885cae5f-18a9-43cc-ae5e-b504be681cfe": {"bboxes": [[0.15185185185185185, 0.3125, 0.20462962962962963, 0.16041666666666668]], "labels": ["rock"]}, "149c14ca-61fd-4102-9ccd-4714da032364": {"bboxes": [[0.3907407407407407, 0.7098958333333333, 0.13055555555555556, 0.09895833333333333]], "labels": ["peace"]}, "d1653dc8-8c6c-4e96-9f68-a92748aea373": {"bboxes": [[0.42777777777777776, 0.3307291666666667, 0.14074074074074075, 0.0890625]], "labels": ["stop"]}, "3449187c-28be-412a-824b-fe2b69a6f4fb": {"bboxes": [[0.27870370370370373, 0.35833333333333334, 0.16666666666666666, 0.11875]], "labels": ["stop"]}, "a838af90-83b6-437a-982d-32c6df63d39d": {"bboxes": [[0.2824074074074074, 0.4432291666666667, 0.13148148148148148, 0.12083333333333333]], "labels": ["peace"]}, "0515d8ad-9a76-4767-86ef-d02efcfcc75f": {"bboxes": [[0.4777777777777778, 0.3854166666666667, 0.12407407407407407, 0.0921875]], "labels": ["rock"]}, "ebda9de1-c819-4503-a6d6-8963f850567c": {"bboxes": [[0.20925925925925926, 0.3453125, 0.17592592592592593, 0.13697916666666668]], "labels": ["dislike"]}, "d22a9bc0-517c-4dfb-8db3-a53f032be9d8": {"bboxes": [[0.16574074074074074, 0.19322916666666667, 0.2611111111111111, 0.2140625]], "labels": ["like"]}}